N=5000,graph=fb,method=lptva,r=0.15,beta=0.8
rank,precision
1,1.0
2,0.5
1,1.0
1,1.0
1,1.0
1,1.0
1,1.0
3,0.0
1,1.0
4,0.0
1,1.0
1,1.0
1,1.0
1,1.0
1,1.0
1,1.0
1,1.0
1,1.0
1,1.0
1,1.0
1,0.5
3,0.0
1,1.0
1,1.0
1,1.0
1,1.0
1,1.0
1,1.0
1,1.0
1,1.0
1,1.0
1,1.0
1,1.0
1,1.0
9,0.0
1,1.0
1,1.0
1,1.0
1,1.0
1,1.0
1,1.0
1,1.0
1,1.0
1,1.0
1,1.0
1,1.0
1,1.0
1,0.5
1,1.0
2,0.0
2,0.0
2,0.0
1,1.0
9,0.0
1,1.0
1,1.0
1,1.0
1,1.0
1,1.0
1,1.0
1,1.0
1,1.0
1,1.0
2,0.5
1,0.5
1,1.0
4,0.0
1,1.0
1,1.0
1,1.0
3,0.25
6,0.0
1,1.0
4,0.0
1,1.0
1,1.0
2,0.0
1,1.0
1,1.0
10,0.0
4,0.0
1,1.0
1,1.0
1,1.0
1,1.0
1,1.0
1,1.0
2,0.0
1,1.0
1,1.0
1,1.0
1,1.0
1,1.0
1,0.25
1,1.0
1,1.0
1,1.0
1,1.0
1,0.5
1,1.0
1,1.0
1,1.0
1,1.0
1,1.0
1,1.0
1,1.0
1,1.0
1,1.0
1,0.5
1,1.0
1,1.0
1,1.0
1,1.0
1,1.0
1,1.0
1,1.0
1,1.0
1,1.0
1,1.0
1,1.0
1,1.0
1,1.0
1,1.0
1,1.0
1,1.0
1,1.0
1,1.0
1,1.0
1,1.0
1,1.0
1,1.0
1,1.0
1,1.0
1,1.0
1,1.0
1,1.0
1,1.0
1,1.0
1,1.0
1,1.0
1,1.0
1,1.0
1,0.5
1,1.0
1,1.0
1,1.0
1,1.0
7,0.0
1,1.0
1,1.0
1,1.0
1,1.0
1,1.0
1,1.0
6,0.0
1,1.0
1,1.0
2,0.0
1,1.0
1,1.0
193,0.0
1,1.0
2,0.0
3,0.0
1,1.0
1,1.0
1,1.0
1,1.0
1,1.0
1,1.0
1,1.0
1,1.0
1,1.0
1,1.0
1,1.0
1,1.0
1,1.0
1,1.0
1,1.0
1,1.0
1,1.0
1,1.0
1,1.0
4,0.0
1,1.0
1,1.0
1,1.0
1,1.0
1,1.0
2,0.5
1,1.0
2,0.0
1,1.0
1,1.0
1,1.0
1,1.0
1,1.0
1,1.0
1,1.0
1,1.0
32,0.0
1,0.5
1,1.0
1,1.0
1,1.0
3,0.0
1,1.0
1,1.0
1,1.0
1,0.5
1,1.0
2,0.5
1,1.0
1,1.0
1,1.0
1,1.0
1,1.0
1,1.0
1,1.0
1,1.0
1,1.0
1,1.0
3,0.0
1,1.0
1,1.0
1,1.0
1,1.0
2,0.0
1,1.0
1,1.0
1,1.0
1,1.0
1,1.0
1,1.0
1,1.0
1,1.0
1,1.0
1,1.0
1,1.0
2,0.0
1,1.0
1,1.0
1,1.0
1,1.0
1,1.0
1,1.0
1,1.0
1,1.0
1,1.0
1,1.0
1,1.0
1,0.5
1,1.0
1,1.0
1,1.0
1,1.0
1,1.0
3,0.0
2,0.0
1,1.0
1,1.0
3,0.0
113,0.0
4,0.0
2,0.0
1,1.0
1,1.0
1,1.0
2,0.0
3,0.0
3,0.0
3,0.0
1,1.0
1,1.0
1,1.0
1,1.0
1,1.0
4,0.0
1,1.0
1,1.0
1,1.0
1,1.0
1,1.0
1,1.0
1,1.0
3,0.0
9,0.0
1,1.0
1,1.0
1,1.0
2,0.0
1,1.0
1,1.0
1,1.0
1,1.0
1,1.0
1,1.0
1,1.0
1,1.0
1,1.0
1,1.0
1,1.0
1,1.0
12,0.0
2,0.5
1,1.0
1,1.0
1,1.0
1,0.5
1,1.0
1,1.0
1,1.0
1,1.0
3,0.0
1,1.0
1,1.0
1,1.0
1,1.0
1,1.0
1,1.0
1,1.0
1,1.0
2,0.0
1,1.0
1,1.0
1,1.0
1,1.0
1,1.0
1,1.0
1,1.0
1,1.0
1,1.0
1,1.0
2,0.0
6,0.0
1,1.0
1,1.0
1,1.0
1,1.0
2,0.0
1,1.0
1,1.0
1,1.0
1,1.0
1,1.0
1,1.0
1,1.0
1,1.0
1,1.0
3,0.3333333333333333
1,1.0
1,1.0
1,1.0
2,0.0
1,1.0
1,1.0
1,1.0
2,0.0
1,1.0
1,1.0
1,1.0
1,1.0
44,0.0
1,1.0
1,1.0
1,1.0
1,1.0
1,1.0
1,1.0
1,1.0
1,1.0
1,1.0
1,1.0
1,1.0
1,1.0
1,1.0
1,1.0
1,1.0
1,1.0
1,1.0
1,1.0
1,1.0
1,1.0
10,0.0
1,1.0
1,1.0
1,1.0
1,1.0
1,1.0
1,1.0
1,1.0
1,1.0
1,1.0
1,1.0
1,1.0
1,1.0
1,1.0
1,1.0
1,1.0
8,0.0
1,1.0
1,1.0
1,1.0
1,1.0
1,0.5
1,1.0
1,1.0
4,0.0
1,1.0
1,1.0
1,0.5
1,1.0
1,1.0
1,1.0
1,1.0
1,1.0
1,1.0
1,1.0
1,1.0
1,1.0
1,1.0
1,1.0
1,1.0
3,0.0
17,0.0
1,1.0
1,1.0
1,1.0
1,1.0
1,1.0
3,0.0
1,1.0
1,1.0
1,1.0
1,1.0
1,1.0
1,1.0
1,1.0
1,1.0
1,1.0
1,1.0
1,1.0
1,0.5
1,0.5
1,1.0
1,1.0
1,1.0
1,1.0
1,1.0
2,0.5
1,1.0
1,1.0
2,0.5
1,1.0
1,1.0
1,1.0
1,1.0
1,1.0
1,1.0
2,0.0
1,1.0
1,1.0
1,1.0
1,1.0
1,1.0
1,1.0
1,1.0
1,1.0
1,1.0
3,0.0
1,0.5
1,1.0
1,1.0
1,1.0
2,0.0
1,1.0
1,1.0
1,1.0
1,1.0
372,0.0
1,1.0
1,1.0
2,0.5
1,1.0
1,1.0
1,1.0
1,0.5
1,1.0
1,1.0
1,1.0
7,0.0
1,1.0
1,1.0
1,1.0
1,1.0
1,1.0
1,0.5
1,1.0
1,1.0
1,1.0
1,1.0
1,0.5
1,1.0
1,0.5
1,1.0
23,0.0
1,1.0
1,1.0
1,1.0
1,1.0
1,1.0
1,1.0
1,1.0
1,1.0
2,0.0
1,1.0
2,0.0
1,1.0
1,1.0
4,0.0
4,0.0
3,0.0
1,1.0
8,0.0
1,1.0
1,1.0
1,1.0
1,1.0
1,1.0
1,0.5
1,1.0
1,1.0
1,1.0
1,1.0
1,1.0
1,1.0
2,0.5
4,0.0
2,0.0
1,1.0
1,1.0
1,1.0
1,1.0
1,1.0
1,1.0
2,0.0
1,1.0
1,1.0
1,1.0
1,1.0
1,1.0
1,1.0
1,1.0
4,0.0
1,1.0
1,1.0
1,1.0
1,1.0
1,1.0
1,1.0
1,1.0
1,1.0
1,1.0
1,1.0
1,1.0
1,1.0
1,1.0
1,1.0
1,1.0
1,1.0
1,1.0
1,1.0
3,0.0
1,1.0
1,1.0
1,1.0
2,0.0
56,0.0
1,1.0
1,1.0
1,1.0
1,1.0
1,1.0
1,1.0
1,0.5
1,1.0
1,1.0
1,1.0
1,1.0
1,1.0
1,1.0
1,1.0
1,1.0
1,1.0
1,1.0
3,0.0
1,1.0
1,1.0
1,1.0
1,1.0
1,1.0
1,1.0
1,1.0
1,1.0
1,1.0
1,1.0
1,1.0
1,1.0
1,1.0
1,1.0
1,1.0
1,1.0
1,1.0
1,1.0
1,1.0
1,1.0
1,1.0
1,1.0
1,1.0
1,1.0
4,0.0
1,1.0
1,1.0
1,1.0
1,1.0
6,0.0
1,1.0
1,1.0
2,0.5
1,1.0
1,1.0
1,1.0
4,0.0
4,0.0
1,1.0
4,0.0
1,1.0
1,1.0
9,0.0
1,1.0
1,1.0
10,0.0
2,0.0
1,1.0
1,1.0
1,1.0
2,0.0
1,1.0
1,1.0
1,1.0
1,1.0
1,1.0
1,1.0
1,1.0
1,1.0
1,1.0
1,1.0
1,1.0
1,1.0
1,1.0
1,1.0
1,1.0
1,1.0
1,1.0
2,0.0
1,1.0
1,1.0
1,1.0
1,1.0
1,1.0
1,1.0
1,1.0
3,0.0
1,1.0
2,0.5
1,1.0
1,1.0
1,1.0
2,0.0
1,1.0
2,0.0
1,1.0
1,1.0
3,0.0
1,1.0
1,1.0
1,1.0
1,1.0
1,1.0
1,1.0
1,1.0
1,1.0
1,1.0
1,1.0
1,1.0
1,1.0
1,1.0
1,1.0
2,0.0
1,1.0
1,1.0
1,1.0
1,1.0
1,1.0
1,1.0
1,1.0
1,1.0
1,1.0
1,1.0
2,0.0
1,1.0
2,0.0
1,1.0
1,1.0
2,0.0
1,1.0
1,1.0
1,1.0
1,1.0
1,1.0
4,0.0
1,1.0
1,1.0
2,0.0
1,1.0
1,1.0
1,1.0
1,1.0
51,0.0
1,1.0
2,0.0
3,0.0
1,0.5
1,1.0
1,1.0
1,1.0
6,0.0
1,1.0
1,1.0
2,0.0
1,1.0
3,0.0
1,1.0
1,1.0
1,1.0
343,0.0
1,1.0
2,0.0
1,0.5
6,0.0
1,1.0
1,1.0
1,1.0
1,1.0
1,1.0
8,0.0
1,1.0
1,1.0
1,1.0
1,1.0
1,1.0
1,1.0
1,1.0
1,1.0
1,1.0
2,0.0
1,1.0
1,1.0
1,1.0
1,1.0
1,1.0
1,1.0
2,0.0
1,1.0
3,0.0
1,1.0
1,1.0
1,1.0
1,1.0
1,1.0
2,0.0
1,1.0
1,1.0
1,1.0
1,1.0
1,1.0
1,1.0
1,1.0
1,1.0
6,0.0
1,1.0
1,1.0
1,1.0
1,1.0
1,1.0
2,0.0
1,1.0
1,1.0
1,1.0
1,1.0
1,1.0
2,0.0
2,0.0
1,1.0
2,0.0
1,1.0
1,1.0
1,1.0
1,1.0
1,1.0
7,0.0
1,1.0
1,1.0
11,0.0
2,0.5
2,0.0
1,1.0
1,1.0
1,1.0
5,0.0
5,0.0
1,1.0
1,1.0
1,1.0
1,0.5
2,0.0
1,1.0
1,1.0
1,1.0
1,1.0
3,0.0
1,1.0
1,1.0
2,0.0
1,1.0
1,1.0
1,1.0
3,0.0
1,1.0
1,1.0
1,1.0
2,0.5
1,0.5
1,1.0
1,1.0
1,1.0
1,1.0
2,0.25
1,1.0
1,1.0
4,0.0
2,0.0
1,1.0
1,1.0
1,1.0
1,1.0
1,1.0
1,1.0
1,1.0
2,0.0
1,1.0
3,0.0
1,1.0
1,1.0
1,1.0
1,1.0
1,1.0
1,1.0
1,1.0
1,0.5
1,1.0
1,1.0
1,1.0
2,0.0
1,1.0
1,1.0
1,1.0
1,1.0
1,1.0
1,1.0
2,0.0
1,1.0
1,1.0
2,0.0
1,1.0
1,1.0
1,1.0
1,1.0
1,1.0
1,1.0
1,1.0
1,1.0
1,1.0
1,1.0
1,1.0
1,1.0
1,1.0
1,1.0
1,1.0
1,1.0
5,0.0
1,1.0
1,1.0
1,1.0
1,1.0
1,1.0
1,1.0
6,0.0
1,1.0
1,1.0
1,1.0
1,1.0
1,1.0
1,1.0
1,1.0
1,1.0
1,1.0
1,1.0
1,1.0
2,0.5
1,1.0
3,0.0
1,1.0
1,1.0
1,1.0
16,0.0
1,1.0
1,1.0
4,0.0
1,1.0
1,1.0
1,1.0
1,1.0
1,1.0
1,1.0
1,1.0
1,1.0
1,1.0
4,0.0
3,0.0
1,1.0
1,1.0
4,0.0
1,1.0
1,1.0
1,0.5
2,0.5
1,1.0
1,1.0
1,1.0
1,1.0
1,1.0
1,1.0
2,0.0
1,1.0
1,1.0
1,1.0
1,1.0
1,1.0
18,0.0
1,1.0
1,1.0
1,1.0
1,1.0
1,1.0
1,1.0
1,1.0
1,1.0
12,0.0
1,1.0
1,1.0
1,1.0
1,1.0
1,1.0
1,1.0
3,0.0
1,1.0
1,1.0
1,1.0
14,0.0
2,0.0
1,1.0
1,1.0
1,1.0
1,1.0
1,1.0
1,1.0
2,0.0
1,1.0
2,0.0
1,1.0
1,1.0
1,1.0
1,1.0
1,1.0
1,1.0
1,1.0
1,1.0
1,1.0
1,1.0
2,0.0
3,0.25
1,1.0
1,1.0
1,1.0
1,1.0
1,1.0
1,1.0
1,1.0
1,1.0
48,0.0
1,1.0
1,1.0
2,0.0
1,1.0
1,1.0
1,1.0
2,0.3333333333333333
1,1.0
1,1.0
1,1.0
1,1.0
1,1.0
1,1.0
1,1.0
1,1.0
1,1.0
2,0.0
1,1.0
1,1.0
1,1.0
1,1.0
1,1.0
1,1.0
1,1.0
1,1.0
1,1.0
1,1.0
1,1.0
2,0.0
1,1.0
1,1.0
1,1.0
1,1.0
1,1.0
1,1.0
1,1.0
1,1.0
2,0.0
2,0.0
1,1.0
2,0.0
1,1.0
1,1.0
1,1.0
1,1.0
1,1.0
2,0.0
2,0.0
1,1.0
2,0.0
1,1.0
1,1.0
1,1.0
2,0.0
2,0.5
1,1.0
1,1.0
4,0.0
1,1.0
1,1.0
12,0.0
1,1.0
1,1.0
1,1.0
1,1.0
1,1.0
1,1.0
1,1.0
2,0.0
1,1.0
1,1.0
1,0.5
1,1.0
1,1.0
1,1.0
1,1.0
1,1.0
1,1.0
1,1.0
1,1.0
1,1.0
1,1.0
1,1.0
2,0.0
1,1.0
1,1.0
1,1.0
1,1.0
1,1.0
1,1.0
2,0.0
1,1.0
1,1.0
1,1.0
1,1.0
1,1.0
5,0.0
1,1.0
1,1.0
1,1.0
2,0.0
1,1.0
1,0.5
1,1.0
5,0.0
1,1.0
1,1.0
1,1.0
1,1.0
1,1.0
1,1.0
1,1.0
2,0.0
1,1.0
1,1.0
1,1.0
1,1.0
1,1.0
6,0.0
1,1.0
1,1.0
1,1.0
1,1.0
1,1.0
3,0.0
1,1.0
1,1.0
1,1.0
1,1.0
4,0.0
3,0.0
1,1.0
1,1.0
1,1.0
1,1.0
1,1.0
1,1.0
1,1.0
1,1.0
1,1.0
1,1.0
1,1.0
1,1.0
5,0.0
1,1.0
1,0.5
1,1.0
1,1.0
1,1.0
1,1.0
12,0.0
1,1.0
1,1.0
1,1.0
1,1.0
1,1.0
1,1.0
1,1.0
1,1.0
1,1.0
1,1.0
1,1.0
1,1.0
1,1.0
2,0.0
1,1.0
1,1.0
1,1.0
6,0.0
1,1.0
1,1.0
1,1.0
3,0.0
1,1.0
45,0.0
1,1.0
1,1.0
1,1.0
1,1.0
1,1.0
1,1.0
1,1.0
1,1.0
1,1.0
1,1.0
1,1.0
1,1.0
1,1.0
1,1.0
1,1.0
1,1.0
1,1.0
1,1.0
2,0.5
1,1.0
1,1.0
1,1.0
1,1.0
1,1.0
1,1.0
1,1.0
1,1.0
1,1.0
2,0.0
1,1.0
1,1.0
1,1.0
6,0.0
161,0.0
2,0.0
1,1.0
1,1.0
1,1.0
1,1.0
1,1.0
5,0.0
1,1.0
1,1.0
1,1.0
1,1.0
1,1.0
1,1.0
1,1.0
1,1.0
1,1.0
1,1.0
1,1.0
1,1.0
7,0.0
1,1.0
1,0.5
1,1.0
1,1.0
8,0.0
15,0.0
1,1.0
1,1.0
1,1.0
1,1.0
1,1.0
57,0.0
1,1.0
7,0.0
3,0.0
1,1.0
2,0.5
1,1.0
1,1.0
1,1.0
1,1.0
1,1.0
1,1.0
1,1.0
1,1.0
1,1.0
1,1.0
1,1.0
1,1.0
1,1.0
1,1.0
1,1.0
1,1.0
1,1.0
1,1.0
1,1.0
1,1.0
2,0.0
1,1.0
1,1.0
1,1.0
1,1.0
1,1.0
1,1.0
1,0.5
1,1.0
1,1.0
1,1.0
1,1.0
3,0.0
1,1.0
1,1.0
1,1.0
1,1.0
1,1.0
2,0.0
1,1.0
1,1.0
1,1.0
1,1.0
2,0.0
1,1.0
1,1.0
1,0.5
2,0.5
4,0.0
1,1.0
1,1.0
1,1.0
1,1.0
1,1.0
1,1.0
1,1.0
1,1.0
1,1.0
1,1.0
1,1.0
1,0.5
1,1.0
1,1.0
1,1.0
1,1.0
3,0.0
1,1.0
1,1.0
1,1.0
24,0.0
1,1.0
1,1.0
1,1.0
1,1.0
1,1.0
1,1.0
1,1.0
1,1.0
2,0.0
1,1.0
1,1.0
1,1.0
1,1.0
1,1.0
1,1.0
1,1.0
1,1.0
1,1.0
1,1.0
1,1.0
1,1.0
1,1.0
1,1.0
3,0.0
1,1.0
1,1.0
1,1.0
1,1.0
1,1.0
7,0.0
1,1.0
1,1.0
1,1.0
1,1.0
1,1.0
2,0.5
1,1.0
1,1.0
1,1.0
3,0.3333333333333333
1,1.0
1,1.0
1,1.0
4,0.0
4,0.0
1,1.0
1,1.0
1,1.0
1,1.0
1,1.0
1,1.0
1,1.0
1,1.0
1,1.0
1,1.0
1,1.0
1,1.0
2,0.0
1,1.0
1,1.0
1,1.0
1,1.0
1,1.0
1,1.0
2,0.0
1,1.0
1,1.0
1,1.0
1,1.0
1,1.0
1,1.0
2,0.0
1,1.0
1,1.0
1,1.0
1,1.0
1,1.0
1,1.0
1,1.0
1,1.0
1,1.0
1,1.0
1,1.0
1,1.0
1,1.0
1,1.0
1,1.0
1,1.0
1,1.0
1,1.0
2,0.0
1,1.0
1,1.0
1,1.0
1,1.0
1,1.0
1,1.0
1,1.0
1,1.0
1,1.0
2,0.0
1,1.0
1,1.0
1,1.0
1,1.0
10,0.0
12,0.0
1,1.0
1,1.0
2,0.0
1,1.0
1,1.0
1,1.0
4,0.0
1,1.0
1,1.0
6,0.0
1,1.0
1,1.0
1,1.0
1,1.0
2,0.0
1,1.0
1,1.0
1,1.0
1,1.0
1,1.0
2,0.0
1,1.0
1,1.0
1,1.0
1,1.0
1,1.0
1,1.0
1,1.0
1,1.0
1,1.0
1,1.0
1,1.0
1,1.0
1,1.0
1,1.0
1,1.0
1,1.0
3,0.0
1,1.0
1,1.0
1,1.0
1,1.0
3,0.0
1,1.0
1,1.0
1,1.0
1,1.0
1,1.0
2,0.0
1,1.0
1,1.0
1,1.0
1,1.0
1,1.0
1,1.0
1,1.0
1,1.0
1,1.0
1,1.0
1,1.0
1,1.0
1,1.0
1,1.0
1,1.0
1,1.0
1,1.0
1,1.0
1,1.0
1,1.0
1,1.0
1,1.0
1,1.0
1,1.0
1,1.0
1,1.0
2,0.0
1,1.0
2,0.5
1,1.0
1,1.0
1,1.0
1,1.0
1,1.0
3,0.0
3,0.0
1,0.5
1,1.0
1,1.0
1,1.0
2,0.0
1,1.0
1,1.0
1,1.0
1,1.0
1,1.0
1,1.0
1,1.0
2,0.0
1,1.0
1,1.0
1,1.0
1,1.0
1,1.0
1,1.0
5,0.0
6,0.0
1,1.0
1,1.0
1,1.0
1,1.0
1,1.0
1,1.0
1,1.0
1,1.0
1,1.0
1,1.0
5,0.0
2,0.0
3,0.0
1,1.0
1,1.0
4,0.0
1,1.0
1,1.0
1,1.0
1,1.0
1,1.0
1,1.0
1,1.0
1,1.0
5,0.0
1,1.0
1,1.0
2,0.0
1,1.0
1,1.0
1,1.0
1,1.0
23,0.0
1,1.0
1,1.0
1,1.0
1,1.0
1,1.0
1,1.0
2,0.0
1,1.0
1,1.0
1,1.0
1,1.0
1,1.0
1,1.0
1,1.0
1,1.0
1,1.0
2,0.5
1,1.0
1,1.0
1,1.0
1,1.0
1,1.0
1,1.0
1,1.0
1,0.3333333333333333
1,1.0
1,1.0
1,1.0
1,1.0
1,0.5
1,1.0
1,1.0
1,1.0
1,1.0
1,1.0
1,1.0
1,1.0
1,0.5
1,1.0
1,1.0
1,1.0
1,1.0
102,0.0
1,1.0
1,1.0
1,1.0
1,1.0
1,1.0
1,1.0
2,0.0
8,0.0
1,1.0
1,1.0
1,1.0
1,1.0
1,1.0
1,1.0
1,1.0
1,1.0
1,1.0
1,1.0
1,1.0
1,1.0
9,0.0
1,1.0
1,1.0
1,1.0
1,1.0
1,1.0
1,1.0
1,1.0
1,1.0
1,1.0
2,0.0
2,0.5
1,0.5
1,1.0
1,1.0
1,1.0
1,1.0
1,1.0
1,1.0
1,1.0
3,0.0
1,1.0
1,1.0
3,0.25
1,1.0
1,1.0
1,1.0
1,1.0
1,1.0
1,1.0
1,1.0
1,1.0
1,1.0
1,1.0
1,1.0
1,1.0
1,1.0
1,1.0
1,1.0
1,1.0
1,1.0
1,1.0
1,1.0
1,0.5
3,0.0
3,0.0
1,1.0
1,1.0
1,1.0
1,1.0
1,1.0
1,1.0
1,1.0
1,0.5
1,1.0
1,1.0
1,1.0
1,1.0
2,0.0
1,1.0
1,1.0
1,1.0
1,1.0
1,1.0
1,1.0
1,1.0
1,1.0
1,1.0
1,1.0
1,1.0
1,1.0
1,1.0
1,1.0
1,1.0
4,0.0
1,1.0
1,1.0
1,1.0
1,1.0
1,1.0
1,1.0
1,1.0
1,1.0
1,1.0
1,1.0
1,1.0
1,1.0
1,1.0
1,1.0
1,1.0
1,1.0
1,1.0
1,1.0
1,1.0
1,1.0
1,1.0
1,1.0
1,1.0
1,1.0
1,1.0
1,1.0
1,1.0
1,1.0
1,1.0
1,1.0
1,1.0
1,1.0
3,0.0
3,0.0
1,1.0
1,1.0
1,1.0
1,1.0
1,1.0
1,1.0
1,1.0
1,1.0
1,1.0
1,1.0
1,1.0
1,1.0
1,1.0
2,0.0
2,0.0
1,1.0
1,1.0
1,1.0
1,1.0
1,1.0
1,1.0
1,1.0
1,1.0
1,1.0
1,1.0
1,1.0
1,1.0
1,1.0
1,1.0
1,1.0
1,1.0
1,1.0
1,1.0
1,1.0
1,1.0
3,0.0
1,1.0
1,1.0
1,1.0
1,1.0
1,1.0
2,0.0
1,1.0
1,1.0
1,1.0
1,1.0
1,1.0
1,1.0
1,1.0
1,1.0
1,1.0
1,1.0
1,1.0
1,0.5
5,0.0
4,0.0
2,0.0
1,1.0
1,1.0
1,1.0
1,1.0
1,1.0
1,1.0
2,0.0
1,1.0
1,1.0
1,1.0
1,1.0
1,1.0
5,0.0
1,1.0
1,1.0
1,1.0
1,1.0
1,1.0
3,0.0
1,1.0
2,0.0
1,1.0
1,1.0
1,1.0
1,1.0
1,1.0
2,0.0
2,0.5
1,1.0
158,0.0
4,0.0
1,1.0
1,1.0
1,1.0
1,1.0
1,1.0
1,1.0
1,1.0
1,1.0
1,1.0
1,1.0
2,0.25
1,1.0
1,1.0
2,0.5
1,1.0
1,1.0
1,1.0
1,1.0
1,1.0
1,1.0
1,1.0
1,1.0
1,1.0
1,1.0
2,0.0
1,1.0
1,1.0
1,1.0
1,1.0
1,1.0
1,1.0
1,1.0
1,1.0
4,0.0
1,1.0
102,0.0
1,1.0
1,1.0
1,1.0
4,0.0
1,1.0
1,1.0
2,0.0
1,1.0
4,0.0
1,1.0
1,1.0
1,1.0
1,1.0
1,1.0
1,1.0
1,1.0
1,1.0
1,1.0
1,1.0
1,1.0
1,1.0
1,1.0
1,1.0
1,1.0
1,1.0
1,1.0
1,1.0
1,1.0
1,1.0
1,1.0
1,1.0
2,0.0
1,1.0
1,1.0
1,1.0
1,1.0
1,1.0
1,1.0
1,1.0
1,1.0
1,1.0
1,1.0
1,1.0
1,1.0
1,1.0
1,1.0
1,1.0
2,0.0
1,1.0
1,1.0
4,0.25
1,1.0
1,1.0
1,1.0
1,1.0
1,1.0
1,1.0
1,1.0
1,1.0
1,1.0
1,1.0
1,1.0
1,1.0
1,1.0
1,1.0
1,1.0
1,1.0
1,1.0
1,1.0
1,1.0
32,0.0
1,1.0
1,1.0
1,1.0
1,1.0
1,1.0
1,1.0
1,1.0
1,1.0
1,1.0
3,0.0
1,1.0
1,1.0
2,0.0
1,1.0
1,1.0
1,0.25
1,1.0
1,1.0
1,1.0
2,0.0
1,1.0
1,1.0
1,1.0
1,1.0
1,1.0
1,1.0
1,1.0
1,1.0
2,0.0
3,0.0
1,1.0
1,1.0
4,0.0
2,0.25
1,1.0
1,1.0
1,1.0
1,1.0
1,1.0
1,1.0
1,1.0
1,1.0
1,1.0
1,1.0
1,1.0
1,1.0
2,0.0
1,0.5
1,1.0
1,1.0
2,0.0
1,1.0
1,1.0
1,1.0
1,1.0
1,1.0
7,0.0
1,1.0
1,1.0
1,1.0
1,1.0
1,1.0
1,1.0
1,1.0
2,0.0
1,1.0
1,1.0
1,1.0
1,1.0
23,0.0
1,1.0
2,0.0
1,1.0
1,1.0
1,1.0
1,1.0
1,1.0
1,1.0
1,1.0
2,0.0
1,1.0
1,0.5
1,1.0
1,1.0
1,1.0
1,0.5
1,1.0
1,1.0
1,1.0
1,1.0
1,1.0
1,0.5
2,0.0
1,1.0
1,1.0
2,0.0
1,1.0
1,1.0
1,1.0
1,1.0
1,1.0
1,1.0
1,1.0
1,1.0
1,1.0
1,1.0
1,1.0
2,0.0
1,1.0
1,1.0
38,0.0
1,1.0
1,1.0
1,1.0
1,1.0
2,0.5
1,1.0
1,1.0
1,1.0
2,0.0
1,1.0
1,1.0
1,1.0
1,1.0
9,0.0
1,1.0
2,0.0
1,1.0
1,1.0
1,1.0
2,0.5
1,1.0
1,1.0
1,1.0
1,1.0
1,1.0
1,1.0
1,1.0
1,1.0
2,0.0
1,1.0
3,0.0
1,1.0
1,1.0
1,1.0
1,1.0
1,1.0
1,1.0
1,1.0
1,1.0
1,1.0
1,1.0
65,0.0
1,1.0
3,0.0
1,1.0
1,1.0
1,1.0
1,1.0
3,0.0
1,1.0
2,0.0
8,0.0
1,1.0
1,1.0
1,1.0
1,1.0
1,1.0
1,1.0
1,1.0
1,1.0
1,1.0
60,0.0
1,1.0
1,1.0
1,1.0
1,1.0
1,1.0
1,1.0
1,1.0
2,0.0
2,0.5
1,1.0
3,0.0
1,1.0
1,1.0
3,0.0
1,1.0
1,1.0
1,1.0
1,1.0
1,1.0
1,1.0
1,1.0
1,1.0
1,1.0
1,1.0
1,1.0
1,1.0
1,1.0
1,1.0
1,1.0
1,1.0
1,1.0
1,1.0
1,1.0
1,1.0
1,1.0
1,1.0
1,1.0
2,0.25
1,1.0
1,1.0
1,1.0
1,1.0
1,1.0
1,1.0
1,1.0
3,0.0
1,1.0
1,1.0
1,1.0
1,1.0
3,0.0
1,1.0
2,0.0
1,1.0
3,0.0
1,1.0
4,0.0
1,1.0
1,1.0
1,1.0
1,1.0
1,1.0
1,1.0
1,1.0
1,1.0
1,0.5
1,1.0
1,1.0
1,1.0
1,1.0
1,1.0
1,1.0
1,1.0
3,0.0
1,1.0
1,1.0
1,1.0
1,1.0
1,1.0
1,1.0
2,0.0
20,0.0
1,1.0
1,1.0
1,0.25
1,1.0
1,1.0
1,1.0
1,1.0
10,0.0
1,1.0
1,0.5
1,1.0
1,1.0
1,1.0
1,1.0
1,1.0
2,0.0
1,1.0
1,1.0
1,1.0
1,1.0
1,1.0
2,0.0
1,1.0
1,1.0
1,1.0
1,1.0
1,1.0
1,1.0
1,1.0
2,0.0
1,1.0
1,1.0
1,1.0
1,1.0
1,1.0
1,1.0
1,1.0
1,1.0
3,0.0
2,0.0
1,1.0
1,1.0
1,1.0
1,1.0
1,1.0
1,1.0
2,0.0
1,1.0
1,1.0
1,1.0
1,1.0
1,1.0
1,1.0
1,1.0
5,0.0
1,1.0
1,1.0
1,1.0
1,1.0
1,1.0
1,1.0
1,1.0
1,1.0
1,1.0
1,1.0
1,1.0
2,0.5
12,0.0
2,0.0
2,0.5
1,1.0
1,1.0
1,1.0
1,1.0
12,0.0
1,1.0
1,1.0
1,1.0
1,1.0
1,1.0
1,1.0
1,1.0
1,1.0
1,1.0
1,1.0
1,1.0
4,0.0
1,0.5
1,1.0
8,0.0
1,1.0
1,1.0
1,1.0
1,1.0
1,1.0
1,1.0
2,0.0
1,1.0
1,1.0
1,1.0
1,1.0
1,1.0
1,1.0
1,1.0
1,1.0
1,1.0
1,1.0
1,1.0
1,1.0
1,0.5
1,1.0
6,0.0
1,1.0
1,1.0
1,1.0
1,1.0
1,1.0
1,1.0
1,1.0
1,1.0
1,1.0
1,1.0
1,1.0
1,1.0
1,1.0
2,0.0
1,1.0
1,1.0
1,1.0
1,1.0
1,1.0
2,0.0
1,1.0
1,1.0
1,1.0
1,1.0
1,1.0
1,1.0
1,1.0
1,1.0
1,1.0
1,1.0
2,0.0
1,1.0
1,1.0
1,1.0
2,0.0
2,0.0
1,1.0
1,1.0
1,1.0
3,0.0
1,1.0
1,1.0
1,1.0
1,1.0
28,0.0
3,0.0
8,0.0
1,1.0
1,1.0
8,0.0
1,1.0
1,1.0
1,1.0
1,1.0
1,1.0
1,1.0
1,1.0
1,1.0
1,1.0
1,1.0
1,1.0
1,1.0
1,1.0
1,1.0
1,1.0
1,1.0
1,1.0
1,1.0
1,1.0
1,1.0
1,1.0
1,1.0
1,1.0
2,0.5
1,1.0
1,1.0
5,0.0
1,1.0
2,0.5
1,1.0
1,1.0
1,1.0
1,1.0
1,1.0
1,1.0
1,1.0
1,1.0
1,1.0
1,1.0
9,0.0
5,0.0
1,1.0
1,1.0
1,1.0
3,0.0
1,1.0
1,1.0
1,1.0
1,1.0
1,1.0
1,1.0
1,1.0
3,0.0
1,1.0
1,1.0
1,1.0
1,1.0
1,1.0
1,1.0
1,1.0
1,1.0
1,1.0
1,1.0
1,1.0
1,1.0
1,1.0
1,1.0
1,1.0
1,1.0
1,1.0
1,1.0
1,1.0
1,1.0
2,0.5
1,1.0
1,1.0
2,0.0
1,1.0
1,1.0
1,1.0
9,0.0
1,1.0
1,1.0
1,1.0
3,0.0
1,1.0
1,1.0
1,1.0
1,1.0
1,1.0
1,1.0
1,1.0
1,1.0
2,0.5
1,1.0
1,1.0
1,1.0
2,0.0
1,1.0
1,1.0
7,0.0
1,1.0
1,1.0
1,1.0
1,1.0
1,1.0
1,1.0
1,1.0
1,1.0
1,1.0
1,1.0
2,0.0
1,1.0
1,1.0
1,1.0
1,1.0
1,1.0
1,1.0
1,1.0
2,0.0
5,0.0
7,0.0
1,1.0
1,1.0
1,1.0
1,1.0
1,1.0
1,1.0
1,1.0
1,1.0
1,1.0
1,1.0
3,0.0
1,1.0
1,1.0
1,1.0
1,1.0
4,0.0
1,1.0
1,1.0
1,1.0
1,1.0
1,1.0
1,1.0
1,1.0
1,1.0
5,0.0
1,1.0
1,1.0
1,1.0
1,1.0
1,1.0
1,1.0
1,1.0
1,1.0
1,1.0
1,1.0
1,1.0
1,1.0
1,1.0
1,1.0
2,0.0
1,1.0
1,1.0
1,1.0
1,1.0
1,1.0
4,0.0
2,0.5
1,1.0
1,1.0
1,1.0
1,1.0
32,0.0
2,0.0
1,1.0
3,0.0
1,1.0
1,1.0
2,0.0
1,1.0
1,1.0
1,1.0
2,0.0
1,1.0
1,1.0
2,0.0
1,1.0
5,0.0
1,1.0
1,1.0
1,1.0
6,0.0
1,1.0
4,0.0
1,1.0
2,0.0
1,1.0
1,1.0
1,1.0
1,1.0
2,0.0
1,1.0
1,1.0
1,1.0
1,1.0
1,1.0
1,1.0
1,1.0
4,0.0
2,0.0
1,1.0
1,1.0
1,1.0
1,1.0
1,1.0
1,1.0
1,1.0
1,1.0
1,1.0
1,1.0
1,1.0
1,1.0
1,1.0
1,1.0
15,0.0
1,1.0
32,0.0
1,1.0
2,0.0
5,0.0
1,1.0
3,0.0
1,1.0
1,1.0
1,1.0
1,1.0
57,0.0
1,1.0
13,0.0
1,1.0
1,1.0
1,1.0
1,0.3333333333333333
1,1.0
1,1.0
3,0.0
2,0.0
1,1.0
1,1.0
1,1.0
1,1.0
1,1.0
1,1.0
1,1.0
1,1.0
1,1.0
1,1.0
1,1.0
1,1.0
1,1.0
1,1.0
1,1.0
1,1.0
5,0.0
1,1.0
1,1.0
1,1.0
1,1.0
1,1.0
1,1.0
1,1.0
1,1.0
1,1.0
1,1.0
1,1.0
1,1.0
1,1.0
1,1.0
1,1.0
1,1.0
1,1.0
1,1.0
1,1.0
1,1.0
1,1.0
2,0.0
1,1.0
1,1.0
1,1.0
1,1.0
1,1.0
1,1.0
1,1.0
1,1.0
1,1.0
1,1.0
1,1.0
1,1.0
1,1.0
1,1.0
2,0.0
25,0.0
1,1.0
8,0.0
1,1.0
2,0.0
1,1.0
1,1.0
1,1.0
1,1.0
1,1.0
1,1.0
1,1.0
1,1.0
2,0.5
4,0.0
1,1.0
1,1.0
1,1.0
1,1.0
1,1.0
1,1.0
1,1.0
1,1.0
1,1.0
1,1.0
1,1.0
1,1.0
1,1.0
1,1.0
1,1.0
17,0.0
8,0.0
3,0.25
1,1.0
2,0.0
1,1.0
1,1.0
4,0.0
1,1.0
1,1.0
1,1.0
1,1.0
3,0.0
1,1.0
1,1.0
1,1.0
1,1.0
12,0.0
1,1.0
1,1.0
4,0.0
1,1.0
1,1.0
1,1.0
1,1.0
1,1.0
1,1.0
1,1.0
1,1.0
2,0.0
1,1.0
1,1.0
2,0.0
1,1.0
1,1.0
1,1.0
1,1.0
1,1.0
1,1.0
1,1.0
1,1.0
2,0.0
2,0.0
1,1.0
1,1.0
1,1.0
2,0.0
1,1.0
1,1.0
1,1.0
4,0.0
1,1.0
1,1.0
1,1.0
1,1.0
1,1.0
1,1.0
1,1.0
1,1.0
1,1.0
2,0.0
2,0.0
1,1.0
1,1.0
1,1.0
1,1.0
1,1.0
1,1.0
1,1.0
1,1.0
1,1.0
1,1.0
1,1.0
3,0.0
1,1.0
1,1.0
1,1.0
1,1.0
1,1.0
2,0.0
1,1.0
1,1.0
1,1.0
1,1.0
1,1.0
1,1.0
1,1.0
1,1.0
1,0.5
1,1.0
1,1.0
1,1.0
1,1.0
2,0.5
1,1.0
1,1.0
1,1.0
1,1.0
1,1.0
1,1.0
1,1.0
1,1.0
1,1.0
1,1.0
1,1.0
1,1.0
1,1.0
5,0.0
1,1.0
1,1.0
1,1.0
2,0.0
1,1.0
2,0.0
1,1.0
1,1.0
1,1.0
4,0.0
1,1.0
43,0.0
2,0.0
1,1.0
1,1.0
1,1.0
1,1.0
1,1.0
1,1.0
2,0.0
1,1.0
1,1.0
1,1.0
1,1.0
1,1.0
1,1.0
1,1.0
1,1.0
1,1.0
1,1.0
1,1.0
1,1.0
1,1.0
1,1.0
1,1.0
1,1.0
1,1.0
1,1.0
1,1.0
1,1.0
1,1.0
1,1.0
1,1.0
1,1.0
3,0.0
1,1.0
1,1.0
1,1.0
1,1.0
1,1.0
1,1.0
2,0.0
170,0.0
1,1.0
1,1.0
1,1.0
1,0.5
1,1.0
1,1.0
1,1.0
1,1.0
3,0.0
1,1.0
12,0.0
8,0.0
1,1.0
1,1.0
1,1.0
1,1.0
1,1.0
4,0.25
1,1.0
1,1.0
1,1.0
1,1.0
1,1.0
2,0.0
1,1.0
1,1.0
6,0.0
1,1.0
2,0.0
1,1.0
6,0.0
1,1.0
1,1.0
1,1.0
6,0.0
1,1.0
1,1.0
1,1.0
2,0.0
1,1.0
1,1.0
2,0.5
1,1.0
1,1.0
1,1.0
1,1.0
2,0.0
1,1.0
1,1.0
1,1.0
1,1.0
1,1.0
1,1.0
1,1.0
1,1.0
5,0.0
1,1.0
1,1.0
2,0.0
1,1.0
3,0.0
1,1.0
1,1.0
1,1.0
1,1.0
1,1.0
1,1.0
1,1.0
1,1.0
1,1.0
1,1.0
1,1.0
1,1.0
1,1.0
1,1.0
1,1.0
1,1.0
6,0.0
1,1.0
1,1.0
1,1.0
4,0.0
2,0.0
1,1.0
2,0.0
1,1.0
1,1.0
1,1.0
1,1.0
1,1.0
1,1.0
1,1.0
1,1.0
1,1.0
2,0.0
1,1.0
1,1.0
1,1.0
1,1.0
19,0.0
1,1.0
1,1.0
1,1.0
46,0.0
1,1.0
1,1.0
1,1.0
1,1.0
1,1.0
1,1.0
1,1.0
1,1.0
1,1.0
1,1.0
1,1.0
2,0.0
1,1.0
1,1.0
3,0.25
1,1.0
1,0.5
1,1.0
1,0.5
1,1.0
1,1.0
1,1.0
1,1.0
1,1.0
1,1.0
1,1.0
1,1.0
1,1.0
1,1.0
1,1.0
1,1.0
1,1.0
1,1.0
1,1.0
1,1.0
1,1.0
1,1.0
1,1.0
1,1.0
1,1.0
1,1.0
3,0.0
1,1.0
1,1.0
1,1.0
1,1.0
1,1.0
3,0.0
1,1.0
1,1.0
1,1.0
1,1.0
1,1.0
1,1.0
1,1.0
2,0.0
1,1.0
1,1.0
1,1.0
1,1.0
1,1.0
1,1.0
2,0.5
1,1.0
1,1.0
1,1.0
6,0.0
1,1.0
1,1.0
1,1.0
1,1.0
2,0.5
1,1.0
1,1.0
1,1.0
1,1.0
1,1.0
7,0.0
1,1.0
1,1.0
1,1.0
1,1.0
1,1.0
1,1.0
1,1.0
2,0.0
1,1.0
1,1.0
1,1.0
3,0.0
1,1.0
1,1.0
7,0.0
98,0.0
4,0.0
1,1.0
1,1.0
1,1.0
1,1.0
2,0.0
1,1.0
1,1.0
1,1.0
1,1.0
1,1.0
1,1.0
1,1.0
1,1.0
1,1.0
1,1.0
1,1.0
1,1.0
1,0.5
1,1.0
1,1.0
1,1.0
1,1.0
1,1.0
1,1.0
2,0.0
1,1.0
1,1.0
1,1.0
1,1.0
1,1.0
3,0.0
1,1.0
1,1.0
1,1.0
1,1.0
1,0.5
1,1.0
1,1.0
1,1.0
1,1.0
12,0.0
1,1.0
1,1.0
1,1.0
1,1.0
1,1.0
13,0.0
2,0.5
1,1.0
1,1.0
9,0.0
1,1.0
6,0.0
1,1.0
1,1.0
2,0.0
1,1.0
1,1.0
1,1.0
1,1.0
1,1.0
1,1.0
1,1.0
1,1.0
1,1.0
1,1.0
2,0.5
1,1.0
1,1.0
9,0.0
1,1.0
9,0.0
1,1.0
1,1.0
1,1.0
1,1.0
1,1.0
1,0.5
1,1.0
5,0.0
1,1.0
2,0.0
4,0.0
1,1.0
1,1.0
1,1.0
4,0.0
1,1.0
1,1.0
1,1.0
1,1.0
1,1.0
3,0.0
1,1.0
1,1.0
1,1.0
1,1.0
1,1.0
3,0.0
1,1.0
1,1.0
1,1.0
1,1.0
1,1.0
1,1.0
1,1.0
5,0.0
4,0.0
1,1.0
1,1.0
1,1.0
1,1.0
5,0.0
1,1.0
1,1.0
1,1.0
1,1.0
3,0.0
2,0.0
1,1.0
1,1.0
1,1.0
1,1.0
1,1.0
1,1.0
1,1.0
4,0.0
1,1.0
1,1.0
1,1.0
1,1.0
1,1.0
1,1.0
1,1.0
1,1.0
1,1.0
1,1.0
1,1.0
1,1.0
1,1.0
1,1.0
1,1.0
1,1.0
1,1.0
1,1.0
1,1.0
1,1.0
1,1.0
1,1.0
1,1.0
10,0.0
3,0.0
1,1.0
1,1.0
1,1.0
1,1.0
1,1.0
1,1.0
1,1.0
1,1.0
1,1.0
1,1.0
1,1.0
1,1.0
1,1.0
1,1.0
1,1.0
1,1.0
1,1.0
1,1.0
1,1.0
1,1.0
1,1.0
1,1.0
1,1.0
1,1.0
1,1.0
1,1.0
2,0.0
1,1.0
1,1.0
1,1.0
1,1.0
1,1.0
1,1.0
2,0.0
1,1.0
1,1.0
1,1.0
1,1.0
1,1.0
1,1.0
1,1.0
3,0.0
1,1.0
2,0.0
4,0.0
1,1.0
1,1.0
1,0.5
6,0.0
1,1.0
1,1.0
1,1.0
1,1.0
1,1.0
1,1.0
2,0.0
1,1.0
1,1.0
1,1.0
1,1.0
8,0.0
1,1.0
2,0.0
1,1.0
2,0.0
1,1.0
1,1.0
1,0.5
1,1.0
1,1.0
1,1.0
4,0.0
1,1.0
1,1.0
2,0.0
1,1.0
1,1.0
1,1.0
1,1.0
1,0.5
1,1.0
1,1.0
1,1.0
1,1.0
1,1.0
2,0.0
1,1.0
1,1.0
1,1.0
1,1.0
3,0.25
1,1.0
1,1.0
1,1.0
1,1.0
1,1.0
2,0.0
1,1.0
1,1.0
1,1.0
4,0.0
1,1.0
4,0.0
1,1.0
1,1.0
1,1.0
1,0.5
5,0.0
1,1.0
1,1.0
1,1.0
1,1.0
1,0.3333333333333333
1,1.0
1,1.0
1,1.0
1,1.0
1,1.0
2,0.0
1,1.0
1,1.0
2,0.0
1,1.0
1,1.0
1,1.0
1,1.0
1,1.0
1,1.0
1,1.0
1,1.0
1,1.0
1,1.0
1,1.0
1,1.0
1,1.0
1,1.0
1,1.0
1,1.0
1,0.5
1,1.0
1,1.0
1,1.0
1,1.0
1,1.0
1,1.0
2,0.5
1,1.0
1,1.0
2,0.0
1,1.0
1,1.0
1,1.0
1,1.0
1,1.0
1,1.0
1,1.0
1,1.0
1,1.0
2,0.0
2,0.0
1,1.0
1,1.0
3,0.0
1,1.0
1,1.0
2,0.0
1,1.0
1,1.0
1,1.0
1,1.0
1,1.0
2,0.5
1,1.0
1,1.0
1,1.0
1,1.0
2,0.5
1,1.0
3,0.0
1,1.0
1,1.0
2,0.0
2,0.0
8,0.0
1,1.0
1,1.0
1,1.0
1,1.0
1,1.0
1,1.0
2,0.0
5,0.0
1,1.0
1,1.0
1,1.0
1,1.0
1,1.0
1,1.0
1,1.0
1,1.0
1,1.0
1,1.0
2,0.25
1,1.0
1,1.0
3,0.0
2,0.0
3,0.0
1,1.0
1,0.5
2,0.0
1,1.0
1,1.0
3,0.0
1,1.0
1,1.0
1,1.0
1,1.0
1,1.0
1,1.0
1,1.0
1,1.0
1,1.0
1,1.0
1,1.0
1,1.0
1,1.0
1,1.0
4,0.0
1,1.0
1,1.0
3,0.0
1,1.0
1,1.0
1,1.0
1,1.0
1,1.0
1,1.0
1,1.0
1,1.0
1,1.0
1,1.0
5,0.0
2,0.0
1,1.0
1,1.0
1,1.0
79,0.0
1,1.0
2,0.0
1,1.0
1,1.0
1,1.0
1,1.0
1,1.0
2,0.0
1,1.0
1,1.0
1,1.0
1,1.0
1,1.0
1,1.0
1,1.0
1,1.0
1,1.0
1,1.0
1,1.0
1,1.0
1,1.0
1,1.0
1,1.0
1,1.0
1,1.0
1,1.0
1,1.0
1,1.0
1,1.0
1,1.0
2,0.0
1,1.0
1,1.0
1,1.0
1,1.0
1,1.0
1,1.0
1,1.0
1,1.0
1,1.0
1,1.0
1,1.0
1,1.0
2,0.5
1,1.0
1,1.0
2,0.5
1,1.0
1,0.5
1,1.0
2,0.5
1,1.0
1,1.0
1,1.0
1,1.0
1,1.0
2,0.0
1,1.0
1,1.0
1,1.0
1,1.0
1,1.0
1,1.0
1,1.0
1,1.0
3,0.0
1,1.0
1,1.0
1,1.0
1,1.0
1,1.0
1,1.0
1,0.5
1,1.0
1,1.0
1,1.0
1,1.0
1,1.0
1,1.0
1,1.0
1,1.0
1,1.0
2,0.5
1,1.0
1,1.0
1,1.0
1,1.0
1,1.0
1,1.0
3,0.0
1,1.0
1,1.0
1,1.0
1,1.0
1,1.0
1,1.0
1,1.0
1,1.0
1,1.0
1,1.0
1,1.0
1,1.0
1,1.0
1,1.0
1,1.0
1,1.0
2,0.0
1,1.0
1,1.0
1,1.0
1,1.0
1,1.0
1,1.0
16,0.0
1,1.0
1,1.0
1,1.0
1,1.0
1,1.0
1,1.0
1,1.0
1,0.5
1,1.0
1,1.0
159,0.0
1,1.0
1,1.0
1,1.0
1,1.0
1,0.5
1,1.0
1,1.0
1,1.0
1,1.0
1,1.0
1,1.0
1,1.0
1,1.0
1,1.0
1,1.0
3,0.0
1,1.0
4,0.0
1,1.0
1,1.0
1,1.0
1,1.0
1,1.0
1,1.0
6,0.0
1,1.0
1,1.0
1,1.0
1,1.0
1,1.0
1,1.0
1,1.0
2,0.0
1,1.0
5,0.0
1,1.0
1,1.0
2,0.0
2,0.0
5,0.0
1,1.0
6,0.0
1,1.0
1,1.0
3,0.3333333333333333
1,1.0
1,1.0
1,0.5
1,1.0
1,1.0
1,1.0
1,1.0
1,1.0
5,0.0
9,0.0
1,1.0
10,0.0
1,1.0
1,1.0
3,0.0
1,1.0
3,0.25
1,1.0
1,1.0
1,1.0
1,1.0
1,1.0
1,1.0
1,1.0
1,1.0
1,1.0
1,1.0
1,1.0
1,1.0
1,1.0
3,0.0
1,0.5
1,1.0
1,1.0
1,1.0
1,1.0
1,1.0
1,1.0
1,1.0
3,0.0
1,1.0
1,1.0
1,1.0
1,1.0
1,1.0
1,1.0
1,1.0
1,1.0
1,1.0
2,0.0
1,1.0
2,0.0
1,1.0
1,1.0
1,1.0
1,1.0
1,1.0
1,1.0
1,1.0
1,1.0
1,1.0
1,1.0
1,1.0
4,0.0
1,1.0
1,1.0
3,0.0
1,1.0
1,1.0
1,1.0
1,0.5
1,1.0
1,1.0
1,1.0
1,1.0
1,1.0
1,1.0
1,1.0
1,1.0
1,1.0
1,1.0
1,1.0
1,1.0
13,0.0
1,1.0
1,1.0
1,1.0
1,1.0
1,1.0
1,1.0
1,1.0
1,1.0
1,1.0
1,1.0
1,1.0
1,1.0
1,1.0
1,1.0
1,1.0
1,1.0
22,0.0
1,1.0
1,1.0
1,1.0
1,1.0
1,1.0
1,1.0
3,0.0
3,0.0
1,1.0
1,1.0
1,1.0
6,0.0
1,1.0
1,1.0
1,1.0
11,0.0
1,1.0
11,0.0
1,1.0
1,1.0
3,0.25
1,1.0
1,1.0
1,1.0
1,1.0
1,1.0
1,1.0
1,1.0
1,1.0
1,1.0
2,0.0
1,1.0
1,1.0
5,0.0
1,1.0
1,1.0
1,1.0
54,0.0
1,1.0
1,1.0
1,1.0
1,1.0
1,1.0
1,1.0
1,1.0
1,1.0
1,1.0
1,1.0
1,1.0
2,0.0
1,1.0
1,1.0
1,1.0
1,1.0
1,1.0
1,1.0
2,0.0
5,0.0
3,0.0
34,0.0
1,1.0
3,0.0
4,0.0
2,0.0
10,0.0
1,1.0
3,0.0
2,0.0
1,1.0
1,1.0
1,1.0
1,1.0
1,1.0
1,1.0
2,0.5
1,1.0
2,0.0
2,0.0
1,1.0
1,1.0
1,1.0
3,0.0
1,1.0
1,1.0
1,1.0
1,1.0
2,0.0
1,1.0
1,1.0
1,1.0
1,1.0
2,0.0
1,1.0
1,1.0
1,1.0
1,1.0
1,1.0
1,1.0
2,0.0
2,0.25
1,1.0
1,1.0
1,1.0
1,1.0
1,1.0
1,1.0
1,1.0
1,1.0
1,1.0
1,1.0
1,1.0
1,1.0
1,1.0
1,1.0
1,1.0
1,1.0
1,1.0
1,1.0
1,1.0
1,1.0
1,1.0
1,1.0
1,1.0
1,1.0
1,1.0
1,1.0
1,1.0
1,1.0
1,1.0
1,1.0
1,1.0
1,1.0
1,1.0
1,1.0
8,0.0
1,1.0
1,1.0
1,1.0
1,1.0
1,1.0
1,1.0
2,0.5
1,1.0
1,1.0
1,1.0
1,1.0
1,1.0
1,1.0
1,1.0
1,1.0
1,1.0
1,1.0
1,1.0
2,0.0
1,1.0
1,1.0
1,1.0
15,0.0
1,1.0
1,1.0
1,1.0
1,1.0
1,1.0
1,1.0
1,1.0
1,1.0
1,1.0
1,1.0
1,1.0
5,0.0
2,0.0
1,1.0
1,1.0
1,1.0
1,1.0
1,1.0
1,1.0
32,0.0
1,1.0
1,1.0
1,1.0
1,1.0
1,1.0
1,1.0
1,1.0
1,1.0
1,1.0
1,1.0
1,1.0
1,1.0
1,1.0
1,1.0
1,1.0
1,1.0
1,1.0
1,1.0
1,1.0
1,1.0
2,0.0
1,1.0
2,0.0
1,1.0
1,1.0
1,1.0
1,1.0
2,0.5
1,1.0
1,1.0
1,1.0
1,1.0
2,0.0
1,1.0
1,1.0
1,1.0
1,1.0
2,0.0
1,1.0
19,0.0
1,1.0
1,1.0
2,0.0
1,1.0
1,1.0
1,1.0
1,1.0
1,1.0
1,1.0
1,1.0
1,1.0
1,1.0
1,1.0
23,0.0
1,1.0
1,1.0
1,1.0
1,1.0
2,0.0
1,1.0
1,1.0
1,1.0
1,1.0
1,1.0
3,0.0
2,0.0
1,1.0
1,1.0
4,0.0
1,1.0
1,1.0
1,1.0
1,1.0
1,1.0
1,1.0
1,1.0
1,1.0
6,0.0
1,1.0
1,1.0
1,1.0
1,1.0
1,1.0
1,1.0
1,1.0
1,1.0
1,1.0
1,1.0
1,1.0
1,1.0
2,0.0
1,1.0
1,1.0
1,1.0
1,1.0
1,1.0
1,1.0
1,1.0
1,1.0
1,1.0
1,1.0
1,1.0
1,1.0
1,1.0
1,1.0
2,0.0
1,1.0
2,0.0
1,1.0
3,0.0
1,1.0
1,1.0
1,1.0
1,1.0
1,1.0
1,1.0
1,1.0
2,0.0
1,1.0
1,1.0
4,0.0
1,1.0
1,1.0
1,1.0
1,1.0
2,0.0
1,1.0
1,1.0
1,1.0
1,1.0
3,0.0
1,1.0
1,1.0
1,1.0
1,1.0
4,0.0
1,1.0
1,1.0
11,0.0
1,1.0
1,1.0
1,1.0
1,1.0
1,1.0
1,1.0
5,0.0
1,1.0
2,0.0
1,1.0
1,1.0
1,1.0
1,1.0
1,1.0
1,1.0
1,1.0
1,1.0
1,1.0
1,1.0
2,0.0
1,1.0
3,0.0
1,1.0
3,0.0
2,0.0
1,1.0
13,0.0
1,1.0
1,1.0
1,1.0
1,1.0
1,1.0
1,1.0
1,1.0
1,1.0
1,1.0
1,1.0
1,1.0
1,1.0
1,1.0
1,1.0
2,0.0
1,1.0
1,1.0
1,1.0
1,1.0
1,1.0
1,1.0
1,1.0
1,1.0
1,1.0
3,0.3333333333333333
1,1.0
1,1.0
2,0.0
2,0.0
1,1.0
1,1.0
1,1.0
1,1.0
1,1.0
1,1.0
1,1.0
1,1.0
1,1.0
9,0.0
1,1.0
1,1.0
1,1.0
1,1.0
1,1.0
1,1.0
1,1.0
1,1.0
1,1.0
1,1.0
1,0.5
1,1.0
1,1.0
1,1.0
1,0.5
2,0.0
1,1.0
1,1.0
1,1.0
1,1.0
1,1.0
1,1.0
1,1.0
1,1.0
1,0.5
3,0.0
1,1.0
1,1.0
1,1.0
1,1.0
1,1.0
1,0.5
4,0.0
1,1.0
1,1.0
1,1.0
1,1.0
1,1.0
1,1.0
1,1.0
1,1.0
2,0.0
2,0.5
2,0.0
1,1.0
1,1.0
1,1.0
1,1.0
1,1.0
1,1.0
40,0.0
1,0.5
1,1.0
2,0.0
3,0.0
1,1.0
4,0.0
1,1.0
1,1.0
1,1.0
1,1.0
1,1.0
1,1.0
1,1.0
1,1.0
1,1.0
1,0.5
3,0.0
1,1.0
30,0.0
1,1.0
1,1.0
1,1.0
1,1.0
1,1.0
5,0.0
3,0.0
2,0.0
1,1.0
1,1.0
1,1.0
2,0.0
1,1.0
1,1.0
1,1.0
1,1.0
1,1.0
1,1.0
1,1.0
1,1.0
1,1.0
1,1.0
1,1.0
1,1.0
1,1.0
1,1.0
1,1.0
2,0.0
1,1.0
1,1.0
1,1.0
1,1.0
2,0.0
1,1.0
1,1.0
4,0.0
1,1.0
1,1.0
2,0.5
2,0.0
1,1.0
1,1.0
1,1.0
1,1.0
7,0.0
1,1.0
1,1.0
1,1.0
1,1.0
3,0.3333333333333333
1,1.0
1,1.0
1,1.0
2,0.0
3,0.0
1,1.0
1,1.0
1,1.0
2,0.0
1,1.0
1,1.0
1,1.0
1,1.0
2,0.5
1,1.0
17,0.0
1,1.0
1,1.0
1,1.0
1,1.0
1,1.0
1,1.0
1,1.0
1,1.0
1,1.0
1,1.0
1,1.0
3,0.0
1,1.0
1,1.0
1,1.0
1,1.0
1,1.0
1,1.0
8,0.0
1,1.0
1,1.0
1,1.0
1,1.0
2,0.0
1,1.0
1,1.0
1,1.0
1,1.0
2,0.0
1,1.0
1,1.0
1,1.0
2,0.5
1,1.0
1,1.0
1,1.0
1,0.5
1,1.0
1,1.0
1,1.0
2,0.25
2,0.0
1,1.0
1,1.0
1,1.0
1,1.0
1,1.0
1,1.0
1,1.0
1,1.0
1,1.0
1,1.0
1,1.0
1,1.0
1,1.0
1,0.5
1,1.0
1,1.0
1,1.0
2,0.0
1,1.0
1,1.0
1,1.0
1,1.0
3,0.0
1,1.0
1,1.0
1,1.0
1,1.0
1,1.0
1,1.0
4,0.0
1,1.0
2,0.0
1,1.0
6,0.0
1,1.0
1,1.0
1,1.0
1,1.0
1,1.0
1,1.0
1,1.0
1,1.0
1,1.0
4,0.0
1,1.0
1,1.0
1,1.0
1,1.0
1,1.0
1,1.0
1,1.0
1,1.0
1,1.0
2,0.0
1,1.0
6,0.0
1,1.0
2,0.0
2,0.0
1,1.0
3,0.25
1,1.0
1,1.0
1,1.0
1,1.0
1,1.0
1,1.0
3,0.0
1,1.0
1,1.0
1,1.0
1,1.0
8,0.0
1,1.0
1,1.0
1,1.0
2,0.5
1,1.0
1,1.0
1,1.0
1,1.0
1,1.0
1,1.0
1,1.0
1,1.0
1,1.0
1,1.0
2,0.0
1,1.0
1,1.0
1,1.0
1,1.0
1,0.5
1,1.0
1,1.0
1,1.0
4,0.0
1,1.0
1,1.0
1,1.0
6,0.0
1,1.0
1,1.0
1,1.0
1,1.0
1,1.0
1,1.0
1,1.0
3,0.0
1,1.0
1,1.0
1,1.0
2,0.0
3,0.0
5,0.0
1,1.0
1,1.0
1,1.0
1,1.0
1,1.0
1,1.0
5,0.0
11,0.0
1,1.0
1,1.0
5,0.0
1,1.0
1,1.0
1,1.0
1,1.0
1,1.0
1,1.0
2,0.0
1,1.0
1,1.0
1,1.0
1,1.0
1,1.0
1,1.0
1,1.0
1,1.0
1,1.0
2,0.5
1,1.0
1,1.0
2,0.0
1,1.0
1,1.0
1,1.0
1,1.0
1,1.0
1,1.0
2,0.0
1,1.0
1,1.0
1,1.0
1,1.0
1,1.0
2,0.0
1,1.0
6,0.0
1,1.0
1,1.0
1,1.0
1,1.0
1,1.0
1,1.0
4,0.0
2,0.5
1,1.0
1,1.0
1,0.5
1,1.0
5,0.0
1,1.0
1,1.0
1,1.0
1,1.0
1,1.0
1,1.0
1,1.0
4,0.0
1,1.0
1,1.0
1,1.0
1,1.0
1,1.0
3,0.0
1,1.0
1,1.0
1,1.0
1,1.0
1,1.0
1,1.0
1,1.0
3,0.0
1,1.0
1,1.0
16,0.0
1,1.0
1,1.0
1,1.0
7,0.0
1,1.0
1,1.0
1,1.0
2,0.5
1,1.0
1,1.0
1,1.0
2,0.25
1,1.0
1,1.0
1,1.0
1,1.0
1,1.0
1,1.0
1,1.0
1,1.0
1,1.0
1,1.0
1,1.0
1,1.0
2,0.0
1,1.0
1,1.0
1,1.0
1,1.0
1,1.0
1,1.0
1,0.5
1,1.0
1,1.0
1,1.0
1,1.0
1,1.0
1,1.0
1,1.0
1,1.0
1,1.0
1,1.0
1,1.0
1,1.0
1,1.0
1,1.0
1,1.0
1,1.0
1,1.0
1,1.0
1,1.0
4,0.0
1,1.0
1,1.0
1,1.0
1,1.0
1,1.0
1,1.0
1,0.5
1,1.0
1,1.0
1,1.0
1,1.0
6,0.0
1,1.0
11,0.0
1,1.0
1,1.0
1,1.0
1,1.0
1,1.0
3,0.0
1,1.0
1,1.0
1,1.0
1,1.0
1,1.0
1,1.0
2,0.0
1,1.0
1,1.0
1,1.0
6,0.0
14,0.0
4,0.0
1,1.0
1,1.0
1,1.0
1,1.0
1,1.0
1,1.0
1,1.0
1,1.0
1,0.5
52,0.0
1,1.0
1,1.0
7,0.0
2,0.0
1,1.0
1,1.0
1,1.0
1,1.0
1,1.0
1,1.0
31,0.0
1,1.0
1,1.0
1,0.5
2,0.5
1,1.0
1,1.0
1,1.0
1,1.0
1,1.0
1,1.0
1,1.0
1,1.0
1,1.0
5,0.0
1,1.0
1,1.0
1,1.0
1,1.0
4,0.0
1,1.0
3,0.0
1,1.0
1,1.0
1,1.0
1,1.0
1,1.0
1,1.0
1,1.0
1,1.0
1,1.0
1,1.0
1,1.0
1,1.0
1,1.0
1,1.0
2,0.0
1,1.0
1,1.0
1,1.0
1,1.0
14,0.0
1,1.0
1,1.0
1,1.0
1,1.0
3,0.0
1,1.0
1,1.0
2,0.0
1,1.0
3,0.0
3,0.0
1,1.0
1,1.0
1,1.0
1,1.0
1,1.0
1,1.0
1,1.0
1,1.0
3,0.0
1,1.0
1,1.0
2,0.5
1,1.0
2,0.0
9,0.0
1,1.0
1,1.0
52,0.0
1,1.0
16,0.0
2,0.0
1,1.0
2,0.0
1,1.0
1,1.0
1,1.0
7,0.0
1,1.0
5,0.0
3,0.0
1,1.0
1,1.0
1,1.0
1,1.0
1,1.0
1,1.0
1,1.0
1,1.0
1,1.0
1,1.0
1,1.0
2,0.0
2,0.0
1,1.0
1,1.0
1,1.0
1,1.0
1,1.0
1,1.0
1,1.0
1,1.0
1,1.0
3,0.0
1,1.0
1,1.0
1,1.0
2,0.0
1,1.0
1,1.0
1,1.0
1,1.0
2,0.0
1,1.0
3,0.0
1,1.0
1,1.0
1,1.0
1,1.0
1,1.0
1,1.0
1,1.0
1,1.0
1,1.0
1,1.0
1,1.0
1,1.0
1,1.0
1,1.0
1,1.0
1,1.0
1,1.0
1,1.0
2,0.5
1,1.0
1,1.0
3,0.0
3,0.0
1,1.0
2,0.0
1,1.0
1,1.0
1,1.0
1,1.0
1,1.0
1,1.0
1,1.0
1,1.0
1,1.0
1,1.0
1,1.0
1,1.0
3,0.0
1,1.0
1,1.0
1,1.0
1,1.0
1,1.0
5,0.0
1,1.0
1,1.0
1,1.0
2,0.0
1,0.5
2,0.0
1,1.0
2,0.0
2,0.0
1,1.0
1,1.0
1,1.0
1,1.0
2,0.0
1,1.0
1,1.0
1,1.0
1,1.0
1,1.0
2,0.0
1,1.0
1,1.0
1,1.0
1,1.0
1,1.0
1,1.0
1,1.0
1,1.0
6,0.0
1,1.0
1,1.0
32,0.0
1,1.0
1,1.0
1,1.0
1,1.0
1,1.0
1,1.0
1,1.0
1,1.0
1,1.0
1,1.0
1,1.0
1,1.0
1,1.0
1,1.0
1,1.0
1,1.0
1,1.0
1,1.0
1,1.0
1,1.0
1,1.0
1,1.0
1,1.0
1,1.0
2,0.5
1,1.0
2,0.0
1,1.0
1,1.0
1,1.0
2,0.5
1,1.0
1,1.0
1,1.0
1,1.0
1,1.0
1,1.0
1,1.0
1,1.0
1,1.0
1,1.0
1,1.0
1,1.0
3,0.0
1,1.0
2,0.0
8,0.0
1,0.5
1,1.0
1,1.0
1,1.0
2,0.0
1,1.0
1,1.0
1,1.0
1,1.0
1,1.0
1,1.0
1,1.0
1,1.0
1,1.0
1,1.0
1,1.0
1,1.0
1,1.0
1,1.0
1,1.0
1,1.0
1,1.0
1,1.0
1,1.0
1,1.0
1,1.0
2,0.5
1,1.0
1,1.0
1,1.0
1,1.0
1,1.0
1,1.0
1,1.0
1,1.0
1,1.0
2,0.0
1,1.0
1,1.0
2,0.5
2,0.0
1,1.0
1,1.0
1,1.0
1,1.0
1,1.0
1,1.0
1,0.5
1,1.0
1,0.5
1,1.0
1,1.0
1,1.0
1,1.0
1,1.0
1,1.0
1,1.0
1,1.0
1,1.0
1,1.0
12,0.0
1,1.0
1,1.0
1,1.0
1,1.0
1,1.0
1,1.0
1,1.0
1,1.0
1,1.0
1,1.0
1,1.0
1,1.0
1,1.0
1,1.0
1,1.0
1,1.0
1,1.0
1,1.0
1,1.0
1,1.0
1,1.0
1,1.0
1,1.0
4,0.0
4,0.0
1,1.0
1,1.0
3,0.0
3,0.3333333333333333
1,1.0
1,1.0
1,1.0
1,1.0
1,1.0
1,1.0
1,1.0
1,1.0
1,1.0
1,1.0
1,1.0
1,1.0
1,1.0
1,1.0
1,1.0
1,1.0
1,1.0
2,0.0
1,1.0
1,1.0
1,1.0
1,0.3333333333333333
2,0.0
1,1.0
1,1.0
1,1.0
1,1.0
1,1.0
1,1.0
1,1.0
1,1.0
1,1.0
1,1.0
1,1.0
1,1.0
1,1.0
1,1.0
2,0.0
2,0.0
1,0.5
1,1.0
1,1.0
1,1.0
1,1.0
2,0.0
1,1.0
1,0.5
1,1.0
1,1.0
1,1.0
2,0.0
1,1.0
1,1.0
1,1.0
1,1.0
1,1.0
1,1.0
1,1.0
1,1.0
1,1.0
1,1.0
3,0.0
1,1.0
1,1.0
1,1.0
3,0.0
1,1.0
1,1.0
1,1.0
7,0.0
1,1.0
1,1.0
1,1.0
1,1.0
1,1.0
1,1.0
1,1.0
1,1.0
1,1.0
1,1.0
1,1.0
1,1.0
1,1.0
1,1.0
1,1.0
